{
    "before_presolve_info": {
        "num_variables": 5136,
        "num_constraints": 235,
        "num_nonzeros": 15283,
        "setup_time_seconds": 0.023953676223754883
    },
    "max_matches": {
        "stats": {
            "objective": "Max matches",
            "objective_value": 61.0,
            "runtime": 0.12100005149841309,
            "mip_gap": 0.0,
            "nodes": 1.0,
            "iterations": 2119.0,
            "solutions_found": 2,
            "num_patients_allocated": 61,
            "patient_satisfaction": 68,
            "doctor_satisfaction": 32,
            "appointments_per_doctor": 6.1
        },
        "schedule": {
            "doctor_0": [
                -1,
                -1,
                -1,
                -1,
                39,
                39,
                76,
                76,
                46,
                46,
                47,
                47,
                9,
                9,
                3,
                3,
                54,
                54,
                -1,
                -1
            ],
            "doctor_1": [
                -1,
                -1,
                -1,
                -1,
                -1,
                -1,
                -1,
                -1,
                -1,
                -1,
                38,
                38,
                2,
                2,
                97,
                97,
                -1,
                -1,
                -1,
                -1
            ],
            "doctor_2": [
                -1,
                -1,
                -1,
                -1,
                -1,
                -1,
                -1,
                -1,
                -1,
                -1,
                20,
                20,
                20,
                27,
                27,
                27,
                68,
                68,
                68,
                -1
            ],
            "doctor_3": [
                92,
                92,
                92,
                41,
                41,
                41,
                26,
                26,
                26,
                7,
                7,
                7,
                90,
                90,
                90,
                98,
                98,
                98,
                -1,
                -1
            ],
            "doctor_4": [
                -1,
                -1,
                -1,
                -1,
                35,
                64,
                73,
                53,
                8,
                87,
                -1,
                -1,
                -1,
                -1,
                -1,
                -1,
                -1,
                -1,
                -1,
                -1
            ],
            "doctor_5": [
                -1,
                57,
                57,
                57,
                21,
                77,
                66,
                16,
                25,
                10,
                88,
                99,
                91,
                1,
                4,
                79,
                -1,
                -1,
                -1,
                -1
            ],
            "doctor_6": [
                -1,
                61,
                61,
                30,
                30,
                62,
                62,
                93,
                93,
                13,
                13,
                86,
                86,
                24,
                24,
                58,
                58,
                49,
                49,
                -1
            ],
            "doctor_7": [
                72,
                72,
                72,
                37,
                37,
                37,
                15,
                15,
                15,
                14,
                14,
                14,
                85,
                85,
                85,
                70,
                70,
                34,
                34,
                34
            ],
            "doctor_8": [
                -1,
                -1,
                -1,
                -1,
                84,
                84,
                12,
                12,
                -1,
                -1,
                -1,
                -1,
                -1,
                -1,
                -1,
                -1,
                -1,
                -1,
                -1,
                -1
            ],
            "doctor_9": [
                -1,
                22,
                22,
                22,
                59,
                59,
                59,
                51,
                51,
                51,
                6,
                6,
                56,
                56,
                56,
                -1,
                -1,
                -1,
                -1,
                -1
            ]
        },
        "after_presolve_info": {
            "rows_removed": 21,
            "columns_removed": 135,
            "num_variables": 5001,
            "num_constraints": 214,
            "run_time_seconds": 0.12118124961853027
        }
    },
    "patient_satisfaction": {
        "stats": {
            "objective": "Max patient satisfaction",
            "objective_value": 101.09558740479793,
            "runtime": 0.18900012969970703,
            "mip_gap": 0.0,
            "nodes": 1.0,
            "iterations": 1437.0,
            "solutions_found": 8,
            "num_patients_allocated": 61,
            "patient_satisfaction": 100,
            "doctor_satisfaction": 32,
            "appointments_per_doctor": 6.1
        },
        "schedule": {
            "doctor_0": [
                -1,
                -1,
                -1,
                -1,
                48,
                48,
                52,
                52,
                39,
                39,
                14,
                14,
                85,
                85,
                95,
                95,
                9,
                9,
                -1,
                -1
            ],
            "doctor_1": [
                -1,
                -1,
                -1,
                -1,
                -1,
                -1,
                -1,
                -1,
                -1,
                -1,
                99,
                8,
                62,
                62,
                87,
                70,
                -1,
                -1,
                -1,
                -1
            ],
            "doctor_2": [
                -1,
                -1,
                -1,
                -1,
                -1,
                -1,
                -1,
                -1,
                -1,
                -1,
                23,
                23,
                23,
                72,
                72,
                72,
                34,
                34,
                34,
                -1
            ],
            "doctor_3": [
                92,
                92,
                92,
                89,
                89,
                89,
                30,
                30,
                30,
                51,
                51,
                51,
                20,
                20,
                20,
                69,
                69,
                69,
                -1,
                -1
            ],